Game Title,Min Players,Max Players,Min Time,Max Time,Age,Rule Complexity,Game Mechanics,Theme,Image,Game Summary
"...and then, we held hands.",2,2,30,45,10+,1.74,,,,
"1066, Tears To Many Mothers",1,2,30,60,10+,2.1333,,,,
1st & Roll,2,4,20,60,14+,2,,,,
21 Days,1,4,30,45,10+,2.9,,,,
51st State: Master Set,1,4,60,90,12+,2.9375,,,,
A Distant Plain,1,4,180,300,14+,3.819,,,,
A Touch of Evil: Hero Pack 1,2,12,90,90,12+,2.64,,,,
A Touch of Evil: Hero Pack 2,2,12,90,90,8+,3,,,,
A Touch of Evil: Something Wicked Expansion,1,12,120,120,12+,2.9231,,,,
A Touch of Evil: The Coast,2,12,0,0,10+,2.8182,,,,
A Touch of Evil: The Supernatural Game,2,8,90,90,12+,2.5556,,,,
Adrenaline,3,5,30,60,12+,2.3,,,,
Adventures in Zombiewood,2,5,25,45,,0,,,,
Aeon's End,1,4,60,60,12+,2.8211,,,,
Aeon's End: The Nameless,1,4,60,60,,2.6667,,,,
Aeon's End: The Outer Dark,1,4,60,60,,3,,,,
Aeon's End: The Void,1,4,60,0,,3,,,,
Aeon's End: War Eternal,1,4,60,60,12+,2.9216,,,,
Agricola,1,5,30,150,12+,3.6356,,,,
Air King,2,4,30,30,8+,1.375,,,,
Albion's Legacy,1,6,90,90,10+,3.2632,,,,
All Things Zombie,1,2,120,120,16+,2.5556,,,,
Alone in the Desert: a solitaire expansion for Armageddon War,1,1,60,60,,0,,,,
Anachrony,1,4,30,120,14+,3.9665,,,,
Ancient Artifacts,1,4,20,45,10+,2,,,,
Andean Abyss,1,4,360,360,14+,3.7225,,,,
Apex Theropod Deck-Building Game,1,6,45,290,14+,2.9231,,,,
Apocalypse Chaos,1,4,60,60,12+,3,,,,
ApocalypZe Card Game,2,4,45,45,12+,2.2,,,,
Apollo: The Game of Our First Voyages to the Moon,1,4,20,45,,0,,,,
Archipelago,2,5,30,240,12+,3.7352,,,,
Archipelago: Solo Expansion,1,1,60,60,14+,3.5106,,,,
Archmage,1,4,60,120,14+,3.3158,,,,
Arctic Scavengers: Base Game+HQ+Recon,1,5,30,60,12+,2.2727,,,,
Argonauts,1,4,60,60,8+,2.1176,,,,
Arkham Horror,1,8,120,360,14+,3.5605,,,,
Arkham Horror (Third Edition),1,6,120,180,12+,3.0645,,,,
Arkham Horror: Curse of the Dark Pharaoh Expansion,1,8,240,240,12+,3.1516,,,,
Arkham Horror: Dunwich Horror Expansion,1,8,240,240,12+,3.4792,,,,
Arkham Horror: Innsmouth Horror Expansion,1,8,180,180,12+,3.567,,,,
Arkham Horror: Kingsport Horror Expansion,1,8,120,120,12+,3.3681,,,,
Arkham Horror: Miskatonic Horror Expansion,1,8,240,240,14+,3.35,,,,
Arkham Horror: The Black Goat of the Woods Expansion,1,8,240,240,12+,3.1159,,,,
Arkham Horror: The Card Game,1,2,60,120,14+,3.3135,,,,
Arkham Horror: The Card Game – A Phantom of Truth: Mythos Pack,1,4,60,120,,3.75,,,,
Arkham Horror: The Card Game – Black Stars Rise: Mythos Pack,1,2,60,120,,3.5,,,,
Arkham Horror: The Card Game – Blood on the Altar: Mythos Pack,1,4,60,120,14+,3.5455,,,,
Arkham Horror: The Card Game – Carnevale of Horrors: Scenario Pack,1,4,60,120,14+,3.4,,,,
Arkham Horror: The Card Game – Curse of the Rougarou: Scenario Pack,1,4,60,120,14+,3.5,,,,
Arkham Horror: The Card Game – Dim Carcosa: Mythos Pack,1,2,60,120,,3.6667,,,,
Arkham Horror: The Card Game – Echoes of the Past: Mythos Pack,1,4,60,120,14+,3.8333,,,,
Arkham Horror: The Card Game – Lost in Time and Space: Mythos Pack,1,4,60,120,14+,3.625,,,,
Arkham Horror: The Card Game – Return to the Night of the Zealot,1,2,60,120,,3,,,,
Arkham Horror: The Card Game – The Circle Undone: Expansion,1,2,60,120,,0,,,,
Arkham Horror: The Card Game – The Dunwich Legacy: Expansion,1,2,60,120,14+,3.48,,,,
Arkham Horror: The Card Game – The Essex County Express: Mythos Pack,1,4,60,120,14+,3.5455,,,,
Arkham Horror: The Card Game – The Forgotten Age: Expansion,1,4,60,120,,3.75,,,,
Arkham Horror: The Card Game – The Labyrinths of Lunacy: Scenario Pack,1,12,60,120,14+,3.3333,,,,
Arkham Horror: The Card Game – The Miskatonic Museum: Mythos Pack,1,4,60,120,14+,3.4167,,,,
Arkham Horror: The Card Game – The Pallid Mask: Mythos Pack,1,4,60,120,,3.75,,,,
Arkham Horror: The Card Game – The Path to Carcosa: Expansion,1,2,60,120,14+,3.4706,,,,
Arkham Horror: The Card Game – The Unspeakable Oath: Mythos Pack,1,4,60,120,14+,3.6667,,,,
Arkham Horror: The Card Game – Threads of Fate: Mythos Pack,1,2,60,120,,3.6667,,,,
Arkham Horror: The Card Game – Undimensioned and Unseen: Mythos Pack,1,4,60,120,14+,3.5556,,,,
Arkham Horror: The Card Game – Where Doom Awaits: Mythos Pack,1,2,60,120,14+,3.7778,,,,
Arkham Horror: The King in Yellow Expansion,1,8,240,240,12+,3.1888,,,,
Arkham Horror: The Lurker at the Threshold Expansion,1,8,240,240,14+,3.3238,,,,
Arkham Noir: Case #1 – The Witch Cult Murders,1,1,30,30,12+,1.875,,,,
Arkham Noir: Collector Case #1 – The Real Leeds,1,1,30,30,12+,2,,,,
Armageddon War,1,2,60,0,16,3.1667,,,,
Armageddon War: Burning Lands Expansion,1,2,60,60,,3,,,,
Arraial,1,4,30,30,8+,1.25,,,,
Asgard's Chosen,1,4,90,90,10+,3.1765,,,,
Assembly,1,2,10,20,8+,1.2,,,,
Assembly: Glitches,1,2,10,20,,0,,,,
Atlantis: Island of Gods,2,4,30,45,,2,,,,
Aton,2,2,30,30,10+,2.103,,,,
AuZtralia,1,4,30,120,10+,2.9385,,,,
Awful Fantasy Adventures,1,4,30,60,12+,1.3333,,,,
Awful Fantasy: The Card Game,2,6,20,45,,1,,,,
Azul,2,4,30,45,8+,1.806,,,,
Azul: Stained Glass of Sintra,2,4,30,45,8+,1.9636,,,,
Bad Medicine,3,8,30,30,16+,1.5,,,,
Bad Medicine: Second Opinion,3,8,30,30,16+,1.5,,,,
Baldrick's Tomb,1,4,30,30,5+,1.5455,,,,
Baldrick's Tomb: Open for Business,1,4,30,30,,0,,,,
Baseball Highlights: 2045,1,4,45,45,8+,2.1897,,,,
Bellum,2,2,0,0,12+,2.6667,,,,
Betrayal at House on the Hill,3,6,60,60,12+,2.3693,,,,
Betrayal at House on the Hill: Widow's Walk,3,6,60,0,14+,2.4444,,,,
Big Trouble in Little China: The Game,1,4,60,120,12+,2.9,,,,
Bios: Genesis,1,4,60,120,12+,4.2857,,,,
Bios: Megafauna (Second Edition),1,4,90,180,14+,4.5818,,,,
BioShock Infinite: The Siege of Columbia,2,4,60,60,14+,2.8958,,,,
Black Hands of Hathoway,2,4,15,15,,1,,,,
Black Orchestra,1,5,90,90,12+,2.3676,,,,
Black Sonata,1,1,30,30,12+,2.0667,,,,
Blueprints,2,4,30,30,8+,1.6767,,,,
Bob Ross: Art of Chill,2,4,30,30,12+,1.76,,,,
Bottom of the 9th,1,2,5,20,8+,1.6863,,,,
Bottom of the 9th: Clubhouse Expansion,1,2,5,15,,3,,,,
Bottom of the 9th: Hitters Pack,2,2,5,20,,3,,,,
Bottom of the 9th: Pitchers Pack,2,2,5,20,,3,,,,
Brass Empire,1,5,30,60,14+,2.2857,,,,
Brass: Birmingham,2,4,60,120,14+,3.8726,,,,
Brass: Lancashire,2,4,60,120,14+,3.873,,,,
Broadhorns: Early Trade on the Mississippi,2,4,60,90,10+,2.5,,,,
Bubblee Pop,1,2,20,20,6+,1.5333,,,,
Buffy the Vampire Slayer: Friends and Frenemies,1,6,40,60,10+,2.6,,,,
Buffy the Vampire Slayer: The Board Game,1,6,40,60,10+,2.625,,,,
Build A Cure,1,6,30,90,8+,2.5,,,,
Burger Time: The Card Game,1,2,15,30,,0,,,,
BUS,2,3,20,20,8+,1.4211,,,,
Bushido,2,2,20,30,8+,1.67,,,,
By Order of the Queen,2,4,90,120,10+,2.67,,,,
Camp Grizzly,1,6,60,60,14+,2.0769,,,,
Camp Grizzly: Expansion #1 – Spin The Bottle,1,6,60,60,,0,,,,
Camp Grizzly: Expansion #2 – Keep Your Distance,1,6,60,60,,0,,,,
Camp Grizzly: Expansion #3 – Behind the Bear,1,6,0,0,,0,,,,
Camp Grizzly: Expansion #4 – Jump the Bear,1,6,0,0,,0,,,,
Camp Grizzly: Expansion #5 – Rated R,1,6,0,0,,0,,,,
Campy Creatures,2,5,20,30,10+,1.37,,,,
Campy Creatures: Expansion 1,2,5,20,30,10+,2,,,,
Can't Stop Express,1,4,30,30,12+,1.25,,,,
Cantankerous Cats,2,6,20,60,,1.6667,,,,
Carcassonne,2,5,30,45,8+,1.9251,,,,
Card City XL,1,4,20,60,10+,2.8571,,,,
Cards Against Humanity,4,30,30,30,16+,1.2202,,,,
Castle Panic,1,6,60,60,10+,1.67,,,,
Cat-opoly,2,6,60,180,8+,1.5,,,,
Catan Dice Game,1,4,15,15,8+,1.2364,,,,
Cave Pilot 55,1,4,30,100,16+,2.6667,,,,
Cavern Tavern,1,6,60,120,8+,2.4828,,,,
Centauri Saga,1,4,60,90,12+,3,,,,
Centauri Saga: Abandoned,1,4,60,90,,0,,,,
Cerebria: The Inside World,1,4,60,120,16+,4.2917,,,,
Checkpoint Charlie,3,5,20,30,8+,1.3333,,,,
Cheeky Monkey,2,6,15,15,7+,1.15,,,,
Choose Your Own Adventure: House of Danger,1,99,60,60,8+,1.05,,,,
Christmas Lights: A Card Game,2,6,10,30,6+,1.5,,,,
Chronicles of Crime,1,4,60,90,12+,2.05,,,,
Chronicles of Crime: Noir,1,4,60,90,12+,2.5,,,,
Chronicles of Crime: Welcome to Redview,1,4,30,90,14+,2,,,,
Chronicles of Frost,1,4,60,80,,2.25,,,,
Churchill,1,3,60,300,14+,3.2571,,,,
City Council,2,5,60,60,12+,3,,,,
Clans of Caledonia,1,4,30,120,12+,3.4377,,,,
CO₂: Second Chance,1,4,60,120,12+,4,,,,
Code Triage,1,4,60,120,,2,,,,
Codenames,2,8,15,15,10+,1.3093,,,,
Colony,1,4,45,60,13+,2.36,,,,
Coma Ward,2,6,30,60,16+,2.75,,,,
Coma Ward: Cataclysmic Abominations Expansion,2,6,30,60,,0,,,,
Coma Ward: Mystery Guest Pack,2,6,30,90,18+,,,,,
Concept,4,12,40,40,10+,1.4218,,,,
Conquest of Planet Earth: Apocalypse,1,6,30,90,,2.625,,,,
Conquest of Planet Earth: The Space Alien Game,1,4,60,60,12+,2.2157,,,,
Consentacle,2,2,10,35,18+,1.3333,,,,
Construction Zone,2,4,20,20,,1.3,,,,
Cosmic Run: Rapid Fire,1,2,20,30,8+,2,,,,
Cottage Garden,1,4,45,60,8+,1.8785,,,,
Covil: The Dark Overlords,1,4,40,90,,3,,,,
Covil: The Dark Overlords – Chaotic Evil!,1,4,30,90,,0,,,,
Covil: The Dark Overlords – The Outposts,1,4,0,0,,0,,,,
Critters Below,1,6,30,60,12+,2.1429,,,,
Cross Hares: Testing Ground,2,4,60,60,8+,1.75,,,,
Cthulhu Fluxx,2,6,5,30,10+,1.4712,,,,
Cthulhu: Rise of the Cults,1,4,90,120,,3.25,,,,
Cubo,2,4,20,20,8+,1.7,,,,
Curio: The Lost Temple,2,5,10,15,,0,,,,
CVlizations,2,5,45,60,10+,1.9286,,,,
D-Day Dice,1,4,45,45,10+,2.056,,,,
Dark Darker Darkest,2,5,120,120,14+,3.2462,,,,
Dark Dealings,1,6,15,20,8+,1.7692,,,,
Dark Dealings: Dastardly Dragons & Gnome Illusionist,1,6,15,20,,0,,,,
Dark Dealings: Dwarven Delve,1,6,15,20,,0,,,,
Dark Dealings: Interactive Defenses & Flexible Defenses,1,6,15,20,,0,,,,
Dark Dealings: Overlords,1,6,15,20,,0,,,,
Dark Souls: The Board Game,1,4,90,120,14+,3.13,,,,
Dark Souls: The Card Game,1,4,45,60,12+,2.5217,,,,
Dark Souls: The Card Game – Forgotten Paths Expansion,1,4,45,60,,3,,,,
Darkest Night (First edition),1,4,150,150,10+,2.7846,,,,
Darkest Night (Second edition),1,5,120,180,10+,3.0625,,,,
Dawn of the Zeds (Third edition),1,5,90,120,12+,3.6923,,,,
Dawn of the Zeds (Third edition): Expansion Pack #1 –  Stepping Forward,1,4,90,120,,0,,,,
Dawn of the Zeds (Third edition): Expansion Pack #2 – New Player Blues Expansion,1,4,90,120,,0,,,,
Dawn of the Zeds (Third edition): Expansion Pack #3 – Rumors and Rails,1,4,90,120,,0,,,,
Days of Ire: Budapest 1956,1,4,60,90,10+,2.7188,,,,
De Stijl,2,5,20,30,8+,1.75,,,,
Dead Man's Cabal,2,4,60,90,8+,2.5,,,,
Dead Men Tell No Tales,2,5,60,75,8+,2.4519,,,,
Dead of Winter: A Crossroads Game,2,5,60,120,12+,3.0086,,,,
Dead of Winter: The Long Night,2,5,60,120,14+,3.4574,,,,
Death Wish,2,8,20,45,16+,2,,,,
Deck Box Dungeons,1,4,20,60,14+,2.14,,,,
Decrypto,3,8,15,45,12+,1.83,,,,
Deep Madness,1,6,60,120,14+,3.3095,,,,
Deep Madness: Devourer of Worlds Epic Monster,1,6,90,120,,3,,,,
Deep Madness: Endless Nightmares,1,6,60,120,14+,3,,,,
Deep Madness: Penitent and Forsaken Epic Monster,1,6,90,120,,3,,,,
Deep Madness: Rise of Dagon,1,6,60,120,14+,3,,,,
Deep Madness: The Oracle's Betrayal,1,6,60,120,,3,,,,
Deep Space D-6,1,1,30,30,8+,1.6731,,,,
Deep Space D-6: The Endless Expansion,1,1,30,30,,2,,,,
Defense Grid: The Board Game,1,4,60,120,12+,2.75,,,,
Desolate,1,1,15,20,8+,1.5,,,,
Desolate: Dark Matters Pack 1,1,1,15,20,,1,,,,
Desolate: Dark Matters Pack 2,1,1,15,20,,1,,,,
Detective: A Modern Crime Board Game,1,5,120,180,16+,2.7313,,,,
Detective: City of Angels,1,5,30,150,14+,2.55,,,,
Detective: City of Angels - Bullets Over Hollywood,1,5,30,150,14+,,,,,
Dice City,1,4,45,60,8+,2.044,,,,
Dice Fishing: Roll and Catch,2,5,15,20,,1,,,,
Dice Forge,2,4,45,45,8+,1.9356,,,,
Dice Hospital,1,4,45,90,10+,2.2143,,,,
Dice Hospital: Deluxe Add-Ons Box,1,4,45,90,,2,,,,
Dice Stars,1,4,15,25,8+,1.3571,,,,
Dig Down Dwarf (Second Edition),2,6,15,30,10+,2,,,,
Dig Down Dwarf: Gems of Norcia!,2,5,15,15,,1.125,,,,
Dino World,2,4,10,15,6+,1,,,,
Dinosaur Island,1,4,90,120,10+,2.9734,,,,
Dinosaur Island: Totally Liquid,1,5,90,120,10+,3.3077,,,,
Discover Lands Unknown,1,4,60,120,12+,2.22,,,,
Donning the Purple,1,3,70,90,,3.25,,,,
Draftosaurus,2,5,15,15,8+,1,,,,
Dragon Castle,2,4,30,45,8+,2.0357,,,,
Dragon's Breath,2,4,15,20,5+,1.08,,,,
Dragonfire,2,6,60,90,12+,3.1698,,,,
Dragonfire: Adventures – A Corruption in Calimshan,2,6,60,90,,0,,,,
Dragonfire: Adventures – Chaos in the Trollclaws,2,6,0,0,,0,,,,
Dragonfire: Adventures – Sea of Swords,2,6,60,90,,0,,,,
Dragonfire: Adventures – Shadows Over Dragonspear Castle,2,6,0,0,,0,,,,
Dragonfire: Campaign – Moonshae Storms,2,6,60,90,,0,,,,
Dragonfire: Character Pack – Heroes of the Sword Coast,2,6,0,0,12+,2,,,,
Dragonfire: Wondrous Treasures,2,6,0,0,12+,2,,,,
Dreadbound,2,4,45,60,14+,1,,,,
Dreamwars,1,8,60,300,,3,,,,
Dreamwars: Adventurer's Kit Expansion Set,1,8,60,300,,0,,,,
Dreamwars: Dark Times Decks,1,8,60,300,,0,,,,
Dreamwars: Horror Hunter Expansion Set,1,8,60,300,,0,,,,
Dual Powers: Revolution 1917,1,2,30,60,10+,2.2,,,,
Ducklings: A Game About Parenting!,2,4,15,50,,1,,,,
Duelosaur Island,2,2,30,45,10+,2.3333,,,,
Dungeon Alliance,1,4,60,180,12+,3.52,,,,
Dungeon Dice,2,5,20,20,8+,2.093,,,,
Dungeon Fighter,1,6,45,45,8+,1.7611,,,,
Dungeon Heroes,1,2,30,30,6+,1.95,,,,
Dungeon Heroes: Expansion Pack,2,2,30,30,,2.3333,,,,
Dungeon Roll,1,4,15,15,6+,1.3393,,,,
Dungeon Time,1,5,10,60,8+,1.9,,,,
Dungeonrunner,1,1,15,15,,2,,,,
Dungeons & Dragons: Castle Ravenloft Board Game,1,5,60,60,10+,2.5104,,,,
Dungeons & Dragons: Temple of Elemental Evil Board Game,1,5,60,60,8+,2.5147,,,,
Dungeons & Dragons: The Legend of Drizzt Board Game,1,5,60,60,10+,2.6052,,,,
Dungeons & Dragons: Tomb of Annihilation Board Game,1,5,60,60,10+,2.7143,,,,
Dungeons & Dragons: Waterdeep - Dungeon of the Mad Mage,1,5,60,60,14+,2.71,,,,
Dungeons & Dragons: Wrath of Ashardalon Board Game,1,5,60,60,10+,2.6241,,,,
Dunkirk: France 1940,2,6,120,180,10+,2.4,,,,
Elder Sign,1,8,90,90,12+,2.3542,,,,
Elder Sign: Gates of Arkham,1,8,90,90,10+,2.5606,,,,
Elder Sign: Grave Consequences,1,8,90,90,10+,2,,,,
Elder Sign: Omens of Ice,1,8,60,90,12+,2.4167,,,,
Elder Sign: Omens of the Deep,1,8,90,90,12+,2.75,,,,
Elder Sign: Omens of the Pharaoh,1,8,60,120,12+,2.5,,,,
Elder Sign: Unseen Forces,1,8,90,90,12+,2.4333,,,,
Eldritch Horror,1,8,120,240,14+,3.3086,,,,
Eldritch Horror: Cities in Ruin,1,8,120,240,14+,2.8889,,,,
Eldritch Horror: Forsaken Lore,1,8,180,180,14+,3.1479,,,,
Eldritch Horror: Masks of Nyarlathotep,1,8,120,240,14+,2.5,,,,
Eldritch Horror: Mountains of Madness,1,8,180,180,14+,3.2609,,,,
Eldritch Horror: Signs of Carcosa,1,8,120,240,12+,2.9167,,,,
Eldritch Horror: Strange Remnants,1,8,120,240,12+,3.122,,,,
Eldritch Horror: The Dreamlands,1,8,120,240,12+,3,,,,
Eldritch Horror: Under the Pyramids,1,8,180,0,14+,3.0833,,,,
Eminent Domain,2,4,45,45,10+,2.5,,,,
Eminent Domain: Battlecruisers,3,5,20,30,13+,2,,,,
Eminent Domain: Exotica,2,5,45,45,13+,2.4,,,,
Eminent Domain: Microcosm,2,2,15,15,13+,1.97,,,,
Enemy Coast Ahead: The Doolittle Raid,1,2,20,360,13+,3.1,,,,
Epic Death!,2,5,30,30,12+,2.0909,,,,
Era of the Ninja,1,4,90,90,,2,,,,
Escape from the Aliens in Outer Space,2,8,20,45,12+,1.84,,,,
Escape Tales: The Awakening,1,4,180,300,12+,2.44,,,,
Escape the Dark Castle,1,4,20,45,12+,1.3659,,,,
Escape the Dark Castle: Adventure Pack 1 – Cult of the Death Knight,1,4,20,45,12+,1,,,,
Escape the Dark Castle: Adventure Pack 2 – Scourge of the Undead Queen,1,4,20,45,,0,,,,
Escape the Dark Castle: Adventure Pack 3 – Blight of the Plague Lord,1,4,20,45,,0,,,,
Escape the Room: Mystery at the Stargazer's Manor,3,8,90,90,8+,1.5161,,,,
Exit: The Game - The Abandoned Cabin,1,6,60,120,12+,2.59,,,,
Exit: The Game - The Pharaoh's Tomb,1,6,60,120,12+,2.59,,,,
Expedition: Northwest Passage,1,4,60,60,12+,2.6765,,,,
Exploding Kittens,2,5,15,15,8+,1.0754,,,,
Fairytale Games: The Battle Royale,1,10,30,30,14+,3.6,,,,
Fairytale Gloom,2,5,30,60,10+,1.6667,,,,
Fallen Angel,2,4,60,180,12–14,3.3636,,,,
Fallout,1,4,120,180,12+,2.9483,,,,
Fallout: New California,1,4,120,180,,3,,,,
Fantasy Defense,1,2,15,20,8+,2.1429,,,,
Fantasy Defense: The Stone King,1,2,15,20,10+,2,,,,
Fate of the Elder Gods,1,4,30,90,13+,3,,,,
Feudum,2,5,80,180,12+,4.54,,,,
Feudum: Alter Ego,2,6,80,180,12+,,,,,
Feudum: Seals & Sirens,2,6,80,180,12+,,,,,
Feudum: The Queen's Army,1,1,80,80,12+,4.5,,,,
Feudum: Windmills & Catapults,2,6,80,180,12+,,,,,
Fidelitas,1,4,30,30,10+,1.8182,,,,
Field Commander: Napoleon,1,1,180,180,14+,2.7841,,,,
Fields of Fire 2,1,1,120,120,12+,3.83,,,,
Final Boss: The card game,1,6,20,60,,0,,,,
Fire in the Lake,1,4,180,180,14+,4.0047,,,,
Fire in the Library,1,6,15,30,,1.1667,,,,
Fire in the Library: Technology,1,6,15,30,,1,,,,
Fireball Island: The Curse of Vul-Kar,2,4,45,60,8+,1.4359,,,,
"Fireball Island: The Curse of Vul-Kar – Crouching Tiger, Hidden Bees!",2,4,30,60,,2,,,,
Fireball Island: The Curse of Vul-Kar – The Last Adventurer,2,5,30,60,,1.3333,,,,
Fireball Island: The Curse of Vul-Kar – Treasure Trove,2,4,30,45,,0,,,,
Fireball Island: The Curse of Vul-Kar – Wreck of the Crimson Cutlass,2,4,30,60,,1.5,,,,
Firefly: The Game,1,5,120,240,12+,2.9428,,,,
Firelight,2,4,60,90,13+,,,,,
Fireteam Zero,1,4,90,90,12+,2.6774,,,,
Fireteam Zero: Fireteam Delta Female Hero Pack,1,4,90,90,,0,,,,
First Martians: Adventures on the Red Planet,1,4,60,90,14+,4.1667,,,,
First Orchard,1,4,10,10,2+,1,,,,
Flamme Rouge,2,4,30,45,8+,1.6923,,,,
Flamme Rouge: Peloton,1,12,30,60,8+,1.89,,,,
Flash Point: Fire Rescue,2,6,45,45,8+,2.2114,,,,
Flash Point: Fire Rescue – 2nd Story,2,6,45,45,10+,2.2222,,,,
Flash Point: Fire Rescue – Dangerous Waters,2,6,45,45,10+,2.3478,,,,
Flash Point: Fire Rescue – Tragic Events,2,6,45,0,14,2.6667,,,,
Fleet: The Dice Game,1,4,30,45,8+,2.6,,,,
Flip City,1,4,30,50,10+,1.7423,,,,
Flip City: Reuse,1,4,30,50,8,2,,,,
Folklore: The Affliction,1,5,90,120,14+,3.5946,,,,
Forbidden Desert,2,5,45,45,8+,2.0473,,,,
Forbidden Fortress,1,4,120,120,12+,3.25,,,,
Forbidden Island,2,4,30,30,8+,1.742,,,,
Forbidden Sky,2,5,60,60,8+,2.75,,,,
Fortune and Glory: Rise of the Crimson Hand,1,8,120,120,,2.9286,,,,
Fortune and Glory: The Cliffhanger Game,1,8,90,240,10+,2.8632,,,,
Founders of Gloomhaven,1,4,90,120,14+,4.0896,,,,
Four Against Darkness,1,1,45,75,8+,2.1538,,,,
Four Against Darkness: Buried Secrets,1,1,30,60,12+,2,,,,
Four Against Darkness: Caverns of Chaos,1,1,45,75,,0,,,,
Four Against Darkness: Caves of the Kobold Slave-Masters,1,1,0,0,,0,,,,
Four Against Darkness: Dark Waters,1,1,45,0,,0,,,,
Four Against Darkness: Fiendish Foes,1,1,30,75,,0,,,,
Four Against Darkness: Four Against the Abyss,1,1,45,75,,0,,,,
Four Against Darkness: Four Against the Netherworld,1,1,60,120,,0,,,,
Four Against Darkness: Man-Eater,1,4,60,90,,0,,,,
Four Against Darkness: The Courtship of the Flower Demons,1,1,45,75,,0,,,,
Four Against Darkness: The Crucible of Classic Critters,1,1,45,75,10,0,,,,
Four Against Darkness: The Knight of Destiny,1,1,45,60,,0,,,,
Four Against Darkness: The Three Rings,1,1,45,90,,0,,,,
Four Against Darkness: Treasure Hunters of Charlemagne,1,1,60,120,,0,,,,
Four Against the Titans,1,4,0,0,,2,,,,
Freedom: The Underground Railroad,1,4,60,120,12+,2.9133,,,,
Friday,1,1,25,25,10+,2.1256,,,,
Fury of Dracula (third/fourth edition),2,5,120,180,12+,3.2048,,,,
FUSE,1,5,10,10,8+,1.7129,,,,
Galaxy Defenders,1,5,120,120,12+,3.1765,,,,
Galaxy Trucker,2,4,60,60,10+,2.32,,,,
Gandhi: The Decolonization of British India,1,4,90,240,14+,4,,,,
Gem Rush,1,6,45,45,8+,1.8182,,,,
Ghost Fightin' Treasure Hunters,2,4,30,30,6+,1.6351,,,,
Ghost Stories,1,4,60,60,12+,2.9118,,,,
Ghostbusters: The Board Game,1,4,30,120,8+,2.2308,,,,
Glass Road,1,4,20,80,12+,2.9725,,,,
Gloom of Kilforth: A Fantasy Quest Game,1,4,60,180,12+,3.0968,,,,
Gloom of Kilforth: Encounters Expansion Pack,1,4,60,180,,0,,,,
Gloomhaven,1,4,60,120,14+,3.7895,,,,
Go Nuts for Donuts,2,6,20,20,6+,1.0476,,,,
Gobblin' Goblins,2,12,20,30,,0,,,,
Gravwell: Escape from the 9th Dimension,1,4,20,35,8+,1.7523,,,,
Greenland,1,3,60,120,14+,3.2289,,,,
Grimslingers,1,6,15,90,12+,2.75,,,,
Grimslingers: Advanced Duels,1,2,10,20,,0,,,,
Grimslingers: The Northern Territory,1,4,15,90,,3,,,,
Groves,1,4,60,60,10+,2.4,,,,
Hail Hydra,5,8,40,75,14+,1.88,,,,
Hand of Fate: Ordeals,1,4,30,120,14+,2.8571,,,,
Hand of Fate: Ordeals – Royalty Expansion,1,4,30,120,,0,,,,
Healthy Heart Hospital,1,5,60,90,10+,2.9048,,,,
Helionox: Deluxe Edition,1,4,30,90,12+,2.8571,,,,
Herbaceous,1,4,15,20,6+,1.1458,,,,
Herbaceous: Flavor Pack Mini Expansion,1,4,15,20,,1,,,,
Hero's Journey Home,1,3,30,45,10+,2,,,,
Hero's Journey Home: Gods of Man and More,1,3,30,60,,0,,,,
Heroes of Terrinoth,1,4,30,60,12+,2.4688,,,,
Heroes Wanted,1,5,45,45,10+,2.5921,,,,
HEXplore It: The Forest of Adrimon,1,7,60,180,12+,3,,,,
HEXplore It: The Valley of the Dead King,1,7,60,180,10+,3.1,,,,
Historia,1,6,30,180,12+,3.1096,,,,
Hit Z Road,1,4,30,60,10+,1.881,,,,
Holding On: The Troubled Life of Billy Kerr,2,4,45,60,12+,2.1429,,,,
Holmes: Sherlock & Mycroft,2,2,20,30,10+,1.86,,,,
Honey Wars,2,4,30,45,8+,1.17,,,,
Hoplomachus: Origins,1,2,15,30,12+,3.0455,,,,
Hornet Leader: Carrier Air Operations,1,1,60,60,14+,2.8144,,,,
Hostage Negotiator,1,1,20,20,14+,1.9667,,,,
Hostage Negotiator: Abductor Pack 1,1,1,10,30,12+,2.3333,,,,
Hostage Negotiator: Abductor Pack 2,1,1,10,30,14+,2.3333,,,,
Hostage Negotiator: Abductor Pack 3,1,1,15,30,12+,2.5,,,,
Hostage Negotiator: Abductor Pack 4,1,1,15,30,,3,,,,
Hostage Negotiator: Abductor Pack 5,1,1,20,0,,3,,,,
Hostage Negotiator: Abductor Pack 6,1,1,20,0,,3,,,,
Hostage Negotiator: Abductor Pack 7,1,1,20,0,,3,,,,
Hostage Negotiator: Abductor Pack 8,1,1,20,0,,3,,,,
Hostage Negotiator: Crime Wave,1,1,20,20,14+,2,,,,
Hostage Negotiator: Demand Pack #1,1,1,20,20,,3,,,,
Hotshots,1,4,60,60,10+,2.25,,,,
Hyperborea,2,6,50,150,12+,3.1624,,,,
Impact City Roller Derby,2,4,120,120,10+,2.5,,,,
Imperial Settlers,1,4,45,90,12+,2.7759,,,,
Imperial Settlers: Roll & Write,1,4,30,30,10+,2,,,,
In Tenebris Lux,1,4,0,60,14+,2,,,,
Incursion,2,2,120,120,12+,2.7714,,,,
Infection: Humanity's Last Gasp,1,1,45,45,10+,2.1111,,,,
Inoka,2,4,5,20,6+,1.17,,,,
Into the Wasteland,1,1,30,30,12+,2,,,,
Iris: A Cooperative Micro Game,1,4,15,30,,2,,,,
Ironclad,1,3,45,90,,0,,,,
Israeli Air Force Leader,1,1,60,60,12+,2.2,,,,
Jim Henson's Labyrinth: The Board Game,1,5,60,120,5–10,1.5,,,,
Jim Henson's The Dark Crystal: Board Game,2,4,60,120,,3,,,,
Kitchen Rush,1,4,30,45,10+,2.1875,,,,
Lagoon: Land of Druids,1,4,60,60,12+,2.7237,,,,
Last Friday,2,6,30,120,14+,2.25,,,,
Last Friday: Return to Camp Apache,3,7,60,60,13+,,,,,
Last Night on Earth Special Edition Soundtrack CD,2,6,60,60,12+,2.1538,,,,
Last Night on Earth: Blood in the Forest,2,6,60,90,12+,2.6923,,,,
Last Night on Earth: Growing Hunger,2,6,60,90,12+,2.5896,,,,
Last Night on Earth: Hero Pack 1,2,6,0,0,12+,2.1111,,,,
Last Night on Earth: Survival of the Fittest,2,6,60,60,12+,2.3462,,,,
Last Night on Earth: The Zombie Game,2,6,60,90,12+,2.2928,,,,
Last Night on Earth: Timber Peak,2,6,90,90,12+,2.6136,,,,
Last Night on Earth: Zombies with Grave Weapons Miniature Set,2,6,60,60,,2.2727,,,,
Lazer Ryderz,2,4,30,60,6+,1.5,,,,
Legacy of Dragonholt,1,6,60,999,10+,1.125,,,,
Legacy: The Testament of Duke de Crecy,1,4,60,60,12+,2.7042,,,,
Legendary Encounters: A Firefly Deck Building Game,1,5,45,90,12+,2.7273,,,,
Legendary Encounters: A Predator Deck Building Game,1,5,45,45,14+,2.7273,,,,
Legendary Encounters: Alien Expansion,1,5,45,45,14+,2.43,,,,
Legendary Encounters: An Alien Deck Building Game,1,5,30,60,14+,2.7022,,,,
Legendary Encounters: The X-Files Deck Building Game,1,5,45,60,12+,2.5,,,,
Legendary: A Marvel Deck Building Game,1,5,45,45,10+,2.4602,,,,
Legendary: A Marvel Deck Building Game - Dark City,1,5,60,60,14+,2.64,,,,
Legendary: Big Trouble in Little China,2,5,45,60,10+,1.7778,,,,
Legendary: Buffy The Vampire Slayer,1,5,30,60,10+,2.375,,,,
Legendary: Villains – A Marvel Deck Building Game,1,5,45,45,8+,2.7222,,,,
Legends of Andor,2,4,60,90,10+,2.7591,,,,
Level 7 [Escape],1,4,45,45,14+,2.8361,,,,
Level 7 [Escape]: Lockdown,1,4,0,0,,0,,,,
Leviathan,2,2,15,30,,2,,,,
Lewis & Clark,1,5,120,120,12+,3.3333,,,,
Liberty or Death: The American Insurrection,1,4,180,360,14+,4.049,,,,
Lobotomy,1,5,60,180,14+,3.3333,,,,
Lobotomy: From the Deep,1,5,60,180,,0,,,,
Loop Inc.,2,4,20,40,10+,2.5,,,,
Lords of Waterdeep,2,5,60,120,12+,2.48,,,,
Lucidity: Six-Sided Nightmares,1,4,20,30,10+,1.9375,,,,
Mad Love,2,2,5,10,10+,1,,,,
Mage Knight Board Game,1,4,60,240,14+,4.2682,,,,
Maiden's Quest,1,5,10,30,12+,2.4286,,,,
Manaforge,2,4,60,90,14+,2.75,,,,
Mansions of Madness: Second Edition,1,5,120,180,12+,2.6646,,,,
Mansions of Madness: Second Edition – Beyond the Threshold: Expansion,1,5,120,180,12+,2.375,,,,
Mansions of Madness: Second Edition – Horrific Journeys: Expansion,1,5,120,180,12+,2,,,,
Mansions of Madness: Second Edition – Recurring Nightmares: Figure and Tile Collection,1,5,120,180,12+,2.7143,,,,
Mansions of Madness: Second Edition – Sanctum of Twilight: Expansion,1,5,120,180,,2,,,,
Mansions of Madness: Second Edition – Streets of Arkham: Expansion,1,5,120,180,12+,2.5,,,,
Mansions of Madness: Second Edition – Suppressed Memories: Figure and Tile Collection,1,5,120,180,12+,2.5,,,,
Massive Darkness,1,6,90,180,10+,2.5421,,,,
Massive Darkness: Enemy Box – Troglodytes,1,6,0,0,,0,,,,
Massive Darkness: Heroes & Monster Set – Noble Warriors vs The Cockatrix,1,6,0,0,,0,,,,
Massive Darkness: Heroes & Monster Set – Sorcerers vs Lord Tusk,1,6,0,0,,0,,,,
Massive Darkness: Lightbringer Pack,1,6,90,180,,0,,,,
Maximum Apocalypse,1,6,45,90,12+,2.2903,,,,
Maximum Apocalypse: Gothic Horrors,1,6,45,90,12+,2.5,,,,
Maximum Apocalypse: Jurassic Perils,1,6,45,90,,0,,,,
Maximum Apocalypse: Kaiju Rising,1,6,30,60,,0,,,,
Medici: The Card Game,2,6,30,30,10+,1.6,,,,
Mice and Mystics,1,4,60,90,8+,2.6682,,,,
Michael Strogoff,1,5,60,60,8+,2.1579,,,,
Minecraft Card Game?,2,4,15,45,6+,1.2105,,,,
Minerva,1,4,60,90,10+,2.75,,,,
Mint Delivery,1,5,10,25,14+,1.5,,,,
Mint Works,1,4,10,20,8+,1.6706,,,,
Mistfall,1,4,120,120,14+,3.9216,,,,
Mistfall: Heart of the Mists,1,4,120,120,14+,4,,,,
Mixtape Massacre,2,6,30,90,17+,,,,,
Monolith Arena,2,4,30,45,10+,2.5,,,,
Monster Lands,1,4,60,120,10+,3.375,,,,
Mountaineers,1,6,30,180,,2.3333,,,,
Mountains of Madness,3,5,60,90,10+,2.0909,,,,
Mr. Jack,2,2,30,30,10+,2.1857,,,,
Multiuniversum,1,5,20,40,12+,2,,,,
Multiuniversum: Project Cthulhu,1,5,20,40,,3,,,,
Munchkin,3,6,60,120,12+,1.7949,,,,
Muse,2,12,30,30,8+,1.05,,,,
Museum,2,4,30,60,12+,2.38,,,,
Mysterium,2,7,42,42,8+,1.9165,,,,
Myth,2,5,120,120,12+,3.8394,,,,
Myth: Dark Frontier,2,4,90,180,12+,3.5,,,,
Mythos Tales,1,10,120,120,12+,2.3158,,,,
Nations,1,5,40,200,14+,3.5403,,,,
Nations: The Dice Game,1,4,20,40,10+,2.0153,,,,
Neanderthal,1,3,60,120,14+,3.6111,,,,
Near and Far,2,4,90,120,10+,2.7941,,,,
Nemo's War (second edition),1,4,60,120,14+,2.9877,,,,
Neolithic: Advanced Cultures,1,2,30,45,14+,2.08,,,,
Neuroshima Hex! 3.0,1,4,30,30,13+,2.61,,,,
New Bedford,1,4,30,60,12+,2.3784,,,,
Nightmare Forest: Alien Invasion,1,6,20,60,,1.5,,,,
Nightmare Forest: Dead Run,1,6,20,40,,1.6667,,,,
No Retreat! The Russian Front,1,2,360,360,12+,3.1226,,,,
Nocturnal,2,4,30,45,,0,,,,
Noxford,2,4,20,40,,1.9091,,,,
Nuklear Winter '68,2,3,60,60,12+,3.0526,,,,
Nuklear Winter '68: Heart Of Darkness,2,3,60,60,,0,,,,
Nusfjord,1,5,20,100,10+,2.9265,,,,
Nyctophobia,3,5,30,45,5+,1.5,,,,
Oaxaca: Crafts of a Culture,1,4,20,40,10+,2,,,,
Oceania,1,2,10,30,8+,1.4583,,,,
Odin's Ravens (Second Edition),2,2,15,30,8+,1.2391,,,,
Of Dreams & Shadows,2,6,120,180,,2.9,,,,
Of Dungeons Deep! (Second Edition),1,4,30,30,,1.4,,,,
On Tour,1,4,20,20,6+,1.45,,,,
One Deck Dungeon,1,2,30,45,10+,2.016,,,,
One Deck Dungeon: Forest of Shadows,1,2,30,45,10+,2.1905,,,,
Outback,2,4,30,45,8+,1.33,,,,
Palm Island,1,2,15,15,10+,7.5,,,,
Pandemic,2,4,45,45,10+,2.4225,,,,
Pandemic Legacy: Season 1,2,4,60,60,12+,2.8278,,,,
Pandemic Legacy: Season 2,2,4,60,60,12+,3.2177,,,,
Pandemic: Contagion,2,5,30,30,10+,1.8977,,,,
Pandemic: Fall of Rome,1,5,45,60,8+,2.32,,,,
Pandemic: Iberia,2,5,45,45,10+,2.6316,,,,
Pandemic: Rising Tide,2,5,45,45,8+,2.5,,,,
Paramedics: Clear!,1,4,30,40,,2,,,,
Pathfinder Adventure Card Game: Mummy's Mask – Adventure Deck 2: Empty Graves,1,6,90,0,,0,,,,
Pathfinder Adventure Card Game: Mummy's Mask – Adventure Deck 3: Shifting Sands,1,6,90,0,,0,,,,
Pathfinder Adventure Card Game: Mummy's Mask – Adventure Deck 4: Secrets of the Sphinx,1,6,90,0,,0,,,,
Pathfinder Adventure Card Game: Mummy's Mask – Adventure Deck 5: The Slave Trenches of Hakotep,1,6,90,90,,0,,,,
Pathfinder Adventure Card Game: Mummy's Mask – Adventure Deck 6: Pyramid of the Sky Pharaoh,1,6,90,90,,0,,,,
Pathfinder Adventure Card Game: Mummy's Mask – Base Set,1,4,120,120,12+,3,,,,
Pathfinder Adventure Card Game: Mummy's Mask – Character Add-On Deck,1,6,90,0,,0,,,,
Pathfinder Adventure Card Game: Rise of the Runelords – Adventure Deck 2: The Skinsaw Murders,1,6,90,90,10+,2.6508,,,,
Pathfinder Adventure Card Game: Rise of the Runelords – Adventure Deck 3: The Hook Mountain Massacre,1,6,90,90,12+,2.4565,,,,
Pathfinder Adventure Card Game: Rise of the Runelords – Adventure Deck 4: Fortress of the Stone Giants,1,6,0,0,10+,2.4103,,,,
Pathfinder Adventure Card Game: Rise of the Runelords – Adventure Deck 5: Sins of the Saviors,1,6,90,90,10+,2.5667,,,,
Pathfinder Adventure Card Game: Rise of the Runelords – Adventure Deck 6: Spires of Xin-Shalast,1,6,120,120,10+,2.5357,,,,
Pathfinder Adventure Card Game: Rise of the Runelords – Base Set,1,4,90,90,10+,2.7139,,,,
Pathfinder Adventure Card Game: Rise of the Runelords – Character Add-On Deck,1,6,90,90,12+,2.726,,,,
Pathfinder Adventure Card Game: Wrath of the Righteous – Base Set,1,4,120,120,12+,3.1316,,,,
Pathfinder Adventure Card Game: Wrath of the Righteous – Character Add-On Deck,1,6,0,0,,2.3333,,,,
Pathfinder Adventure Card Game: Wrath of the Righteous Adventure Deck 2 – Sword of Valor,1,4,90,90,,2.5,,,,
Pathfinder Adventure Card Game: Wrath of the Righteous Adventure Deck 3 – Demon's Heresy,1,4,90,0,,2,,,,
Pathfinder Adventure Card Game: Wrath of the Righteous Adventure Deck 4 – The Midnight Isles,1,4,90,0,,2,,,,
Pathfinder Adventure Card Game: Wrath of the Righteous Adventure Deck 5 – Herald of the Ivory Labyrinth,1,4,90,90,,2,,,,
Pathfinder Adventure Card Game: Wrath of the Righteous Adventure Deck 6 – City of Locusts,1,4,90,0,,2,,,,
Pathogenesis,1,4,30,60,10+,2.8571,,,,
Pavlov's House,1,3,60,75,12+,2.5385,,,,
Pax Renaissance,2,4,60,120,14+,4.3226,,,,
Pendragon: The Fall of Roman Britain,1,4,60,360,14+,4.2,,,,
Pepper & Carrot: The Potion Contest,1,4,30,30,10–16,2,,,,
Petrichor,1,4,20,80,14+,3.16,,,,
Petrichor: Flowers,1,5,20,80,14+,3,,,,
Phantom Leader,1,1,30,30,12+,2.5735,,,,
Photosynthesis,2,4,30,60,10+,2.29,,,,
Pictomania,3,6,25,25,9+,1.52,,,,
Pixel Glory: Light & Shadow,1,4,30,30,10+,2,,,,
Plague Inc.: The Board Game,1,4,60,60,12+,2.1429,,,,
Police Precinct,1,6,90,90,10+,2.5357,,,,
Portal: The Uncooperative Cake Acquisition Game,2,4,30,45,15+,2.18,,,,
Postcard Dungeons,1,6,30,60,8+,1.5,,,,
Postcard DUNGEONS CO-OP,2,6,30,45,,0,,,,
Postcard Dungeons: MEGADUNGEON,2,6,30,45,,0,,,,
Postcard Dungeons: Player's Compendium,2,8,30,45,,0,,,,
Posthuman,1,4,30,120,12+,3.1667,,,,
Posthuman: Defiant Expansion,1,6,30,180,,2.4286,,,,
Power Grid,2,6,120,120,12+,3.28,,,,
Pulp Detective,1,2,20,30,12+,1.4615,,,,
Pulp Detective: Expansion 1,1,2,20,30,,0,,,,
Ravage: Dungeons of Plunder,1,5,30,90,8+,2,,,,
Really Bad Art,3,6,20,40,8+,1,,,,
Red November,1,8,60,120,10+,2.0714,,,,
"Red Winter: The Soviet Attack at Tolvajärvi, Finland – 8-12 December 1939",2,2,20,720,14+,2.9571,,,,
Renegade,1,5,90,90,12+,3.6667,,,,
Renegade: Booster Pack 1 – Christmas at the Hack Shack,1,5,90,90,12+,4,,,,
Renegade: Booster Pack 2 – Fire & Chaos,1,5,90,90,12+,4,,,,
Rhino Hero,2,5,5,15,5+,1.03,,,,
Rice Dice,1,5,30,45,,2,,,,
Rick and Morty: Anatomy Park – The Game,2,4,30,60,,2.3333,,,,
Rick and Morty: The Rickshank Rickdemption Deck-Building Game,2,5,45,90,17+,,,,,
Risk: Rick and Morty,3,5,60,60,12+,,,,,
Robinson Crusoe: Adventures on the Cursed Island,1,4,60,120,12+,3.7542,,,,
Roll Player,1,4,60,90,10+,2.3885,,,,
Roll Player: Monsters & Minions,1,5,60,120,10+,2.5789,,,,
Roll Through the Ages: The Bronze Age,1,4,30,45,8+,1.7795,,,,
Rolling America,1,99,15,15,10+,1.5714,,,,
Root,2,4,60,90,12+,3.4688,,,,
Root: The Riverfolk Expansion,1,6,60,90,12+,3.375,,,,
RUM,2,4,10,20,8+,1.6,,,,
Runebound (Third Edition),2,4,120,180,10+,2.7857,,,,
Runebound (Third Edition): Unbreakable Bonds,1,4,120,180,12+,3,,,,
RWBY: Combat Ready,2,5,45,75,10+,2.6667,,,,
Sagrada,1,4,30,45,8+,1.893,,,,
Sagrada: 5 & 6 Player Expansion,5,6,20,40,,2.3333,,,,
Saltlands,1,6,90,120,10+,2.6154,,,,
Saltlands: Lost In The Desert Expansion,1,6,90,120,,3,,,,
Salvation Road,1,8,45,75,,2.3333,,,,
Samurai Spirit,1,7,30,30,10+,2.1364,,,,
Savage Planet: The Fate of Fantos,3,6,45,90,,3.5,,,,
Secret Hitler,5,10,45,45,14+,1.6804,,,,
Secrets of the Lost Tomb,1,6,120,120,12+,3.2647,,,,
Sector 6,1,6,30,60,8+,2.2,,,,
Sentinel Tactics: The Flame of Freedom,2,8,45,45,8+,2.5,,,,
Sentinels of the Multiverse,2,5,30,60,10+,2.4971,,,,
Shadowrun Crossfire: Prime Runner Edition,1,4,30,60,12+,2.6667,,,,
Shadows of Brimstone: City of the Ancients,1,4,120,120,12+,3.3438,,,,
Shadows of Brimstone: Other Worlds – Caverns of Cynder,1,4,120,120,12+,3.3333,,,,
Shadows of Brimstone: Other Worlds – Derelict Ship,1,4,120,120,,0,,,,
Shadows of Brimstone: Swamps of Death,1,4,90,180,12+,3.3974,,,,
Shadowscape,1,4,45,60,,2.4,,,,
Sherlock Holmes and Moriarty's Web,3,6,20,45,10+,2,,,,
Sherlock Holmes Consulting Detective: Jack the Ripper & West End Adventures,1,8,60,120,14+,2.2,,,,
Sherlock Holmes Consulting Detective: The Thames Murders & Other Cases,1,8,60,120,12+,2.7074,,,,
Sherman Leader,1,1,45,60,16+,3,,,,
SHH,2,4,10,10,,1.5,,,,
Sickest Witch,1,6,15,60,,0,,,,
Siege of Sunfall,2,6,30,45,8+,1.8,,,,
Slush Fund 2,2,2,10,20,,0,,,,
Small World,2,5,40,80,8+,2.36,,,,
"So Long, My World",1,5,30,40,16+,2.75,,,,
Space Cadets: Away Missions,1,6,60,120,10+,2.5806,,,,
Space Hulk: Death Angel – The Card Game,1,6,30,60,12+,2.4184,,,,
Space Hulk: Death Angel – The Card Game – Deathwing Space Marine Pack,1,6,30,30,12+,2.3571,,,,
Space Hulk: Death Angel – The Card Game – Mission Pack 1,1,6,30,30,8+,2.1538,,,,
Space Hulk: Death Angel – The Card Game: Space Marine Pack 1,1,6,30,30,10+,2.1538,,,,
Space Hulk: Death Angel – The Card Game: Tyranid Enemy Pack,1,6,30,30,10+,2.3103,,,,
Space Infantry,1,2,20,60,12+,2.1667,,,,
Space Park,1,4,20,30,8,1.75,,,,
Space Race: The Card Game,1,4,30,60,10+,2.9444,,,,
Space Race: The Card Game – Interkosmos,1,5,30,90,,3,,,,
SpaceCorp,1,4,30,210,10+,2.9815,,,,
Sparkle Kitty,3,8,10,20,6+,1,,,,
Spellcaster,2,4,20,30,14+,1.57,,,,
Spellcaster: Potions,2,4,20,30,14+,1.57,,,,
SPY,2,4,10,10,8+,1.8,,,,
Star Realms: Command Deck – Lost Fleet,2,4,20,0,,2,,,,
Star Realms: Command Deck – The Alignment,2,4,20,0,,2,,,,
Star Realms: Command Deck – The Alliance,2,4,20,0,,2.5,,,,
Star Realms: Command Deck – The Coalition,2,4,20,0,,2,,,,
Star Realms: Command Deck – The Pact,2,4,20,0,,2,,,,
Star Realms: Command Deck – The Union,2,4,20,0,,2,,,,
Star Realms: Command Deck – The Unity,2,4,20,0,,2.5,,,,
Star Realms: Frontiers,1,4,20,45,12+,2.0625,,,,
Star Realms: Stellar Allies Pack,2,4,20,0,,2,,,,
Starving Artists,1,4,30,60,8+,1.8889,,,,
Stellar Armada,1,4,10,20,10+,1,,,,
Strawberry Ninja,1,4,15,30,6–12,1.6,,,,
Street Masters,1,4,45,120,10+,2.7857,,,,
Street Masters: Legend of Oni,1,4,30,120,,0,,,,
Street Masters: Rise of the Kingdom – Redemption,1,4,30,120,,2,,,,
Street Masters: Twin Tiger,1,4,30,120,,0,,,,
Student Bodies,2,5,90,90,12+,2.6154,,,,
Sub Terra Collector's Edition,1,6,60,60,10+,1.5,,,,
Subdivision,1,4,45,45,10+,2.3333,,,,
Sunset Over Water,1,4,20,20,8+,1.7222,,,,
Sushi Go!,2,5,15,15,6+,1.1631,,,,
Sutures,2,2,20,45,12+,2,,,,
Sword Art Online Board Game: Sword of Fellows,1,4,30,30,,1.8571,,,,
T.I.M.E Stories,2,4,90,90,14+,2.6344,,,,
T.I.M.E Stories: A Prophecy of Dragons,2,4,90,180,10+,2.6087,,,,
T.I.M.E Stories: Brotherhood of the Coast,2,4,90,240,12+,2.8,,,,
T.I.M.E Stories: Estrella Drive,2,4,90,90,14+,2,,,,
T.I.M.E Stories: Expedition – Endurance,2,4,60,90,14+,2.2308,,,,
T.I.M.E Stories: Lumen Fidei,2,4,90,0,12+,3.1875,,,,
T.I.M.E Stories: The Marcy Case,2,4,60,90,12+,2.6571,,,,
T.I.M.E Stories: Under the Mask,2,4,90,0,10+,2.44,,,,
T.I.M.E. Stories: Madame,2,4,90,90,12+,2.67,,,,
Tales of Danger #1: Days of Discovery,1,6,30,60,,2.4,,,,
Tales of Glory,2,5,30,45,10+,1.75,,,,
Tales of the Arabian Nights,1,6,120,120,12+,2.1606,,,,
Talon,2,6,60,90,12+,2.55,,,,
Target Earth,1,4,90,90,12+,3.0333,,,,
Tavarua,1,6,30,60,8+,2.2857,,,,
The 7th Continent,1,4,5,1000,14+,2.86,,,,
"The 7th Continent: What Goes Up, Must Come Down",1,4,5,1000,14+,3,,,,
The 7th Guest,2,6,20,90,12+,,,,,
The Abandons,1,1,5,15,12+,1.6667,,,,
The Awful Orphanage,1,6,40,90,,0,,,,
The Big Book of Madness,2,5,60,90,12+,2.7155,,,,
The Bloody Inn,1,4,30,60,12+,2.3777,,,,
The Card Game of Oz,1,4,20,20,10+,1.3333,,,,
The Card Game of Oz: The Marvelous Land of Oz,1,4,20,0,,0,,,,
The Cards of Cthulhu,1,4,30,90,10+,1.875,,,,
The Cards of Cthulhu: Beyond the Veil,1,4,30,90,,2.3333,,,,
The Castles of Burgundy: The Card Game,1,4,30,60,10+,2.5429,,,,
The City of Kings,1,4,45,180,12+,3.0625,,,,
The Color Monster,2,5,25,25,4+,1,,,,
The Crusoe Crew,1,4,45,45,7+,1,,,,
The Faceless,2,4,30,45,10+,2.4,,,,
The Flow of History,2,5,60,90,12+,2.5,,,,
The Fox in the Forest,2,2,30,30,10+,1.5765,,,,
The Godfather: Corleone's Empire,2,5,60,90,12+,2.5882,,,,
The Grimm Masquerade,2,5,20,40,8+,2,,,,
The Grizzled,2,5,30,30,10+,1.9258,,,,
The Grizzled: At Your Orders!,1,5,30,30,12+,2.2143,,,,
The Hobbit: An Unexpected Journey,1,4,40,40,8+,1.88,,,,
The Island of Doctor Necreaux: Second Edition,1,4,30,90,10+,2,,,,
The Little Flower Shop,1,4,20,20,8+,1.6,,,,
The Lord of the Rings: The Card Game,1,2,30,60,12+,3.1481,,,,
The Lost Expedition,1,5,30,50,12+,1.8235,,,,
The Pirate Republic,1,5,60,90,,3,,,,
The Primary,1,5,30,60,8+,2,,,,
The Princess and the Goblin,1,4,10,20,5+,1.6667,,,,
The Reckoners,1,6,60,100,10+,2.7407,,,,
The Shared Dream,2,4,90,120,,3,,,,
The Shared Dream: Necrophobia,2,4,90,120,,0,,,,
The Shared Dream: Night Terrors,2,4,90,120,,0,,,,
The Shared Dream: Promo Pack,2,4,90,120,,0,,,,
The Shared Dream: The Crux Collection,2,4,90,120,,0,,,,
The Shared Dream: Wrath of Axitath,2,4,90,120,,0,,,,
The Shipwreck Arcana,2,5,10,30,10+,2.0714,,,,
The Table is Lava,2,4,20,20,10+,1,,,,
The Table is Lava: Coconuts Edition,2,5,20,20,10+,1,,,,
The Walking Dead: The Board Game,1,6,45,45,10+,2.0417,,,,
The Werewolves of Miller's Hollow: The Pact,9,47,40,40,,2.125,,,,
This War of Mine: The Board Game,1,6,45,120,16+,3.1429,,,,
Thunder Alley,2,7,90,90,10+,2.375,,,,
Thunderbolt Apache Leader,1,1,90,90,14+,3.1429,,,,
Thunderstone Quest,2,4,60,90,10+,2.6333,,,,
Tiny Epic Zombies,1,5,30,45,14+,2.33,,,,
Titan Dice,1,4,30,45,8+,1.5,,,,
Too Many Bones,1,4,60,120,12+,3.813,,,,
Too Many Bones: 40 Days in Daelore,1,4,60,120,,4,,,,
Too Many Bones: Age of Tyranny,1,4,0,0,,0,,,,
Too Many Bones: Gasket,1,4,60,120,,0,,,,
Too Many Bones: Ghillie,1,4,60,120,,0,,,,
Too Many Bones: Nugget,1,4,60,120,12+,3.5,,,,
Too Many Bones: Undertow,1,2,60,180,12+,3.9487,,,,
Tournament of Towers,2,4,20,20,5+,2,,,,
Tragedy Looper,2,4,120,120,14+,3.4821,,,,
Trainmaker,1,6,15,15,12+,1.3077,,,,
Trapwords,4,8,30,45,8+,1.17,,,,
Tricksters,1,8,10,20,10+,2.6667,,,,
Triplock,1,2,15,30,12+,2.1111,,,,
Tuscany Essential Edition,1,6,60,150,14+,3.4493,,,,
Twilight Struggle,2,2,120,180,14+,3.5654,,,,
Twin Stars: Adventure Series I,1,1,15,30,10+,2.125,,,,
Twin Stars: Adventure Series II,1,1,15,30,,0,,,,
Tzolk'in,2,4,90,90,13+,3.65,,,,
U-Boat Leader,1,1,90,90,12+,2.4839,,,,
UBOOT: The Board Game,1,4,30,120,16+,4.0588,,,,
Underlings of Underwing,1,6,30,60,6+,1.6,,,,
Unicorn Glitterluck,2,4,10,10,3+,1,,,,
Unlocked: The Mansion of Mana,1,5,30,60,12+,2,,,,
Upon a Fable,1,6,60,60,10+,2.4286,,,,
Upon a Fable: New Kingdoms,1,8,60,60,,3.5,,,,
Valeria: Card Kingdoms,1,5,30,45,8+,1.9595,,,,
Vanguard of War,1,4,30,60,,2.3333,,,,
Veggie Garden,2,4,20,30,8+,1.25,,,,
Veggie Garden: Harvest Festival Expansion,2,4,30,0,Up to 8,0,,,,
VENOM Assault,1,5,60,120,10+,2.25,,,,
Viceroy,1,4,45,60,10+,2.6244,,,,
Village Attacks,1,5,30,180,10+,2.6667,,,,
Village Attacks: Despair & Abhorrence,1,5,30,180,,0,,,,
Village Attacks: Kickstarter Exclusives,1,5,30,180,,0,,,,
Village Attacks: Rage and Avarice,1,5,30,180,,0,,,,
Village Attacks: The Troll,1,5,30,180,,0,,,,
Village Attacks: Wrath & Ruin,1,5,30,180,,0,,,,
Virgin Seas,2,4,15,40,,2,,,,
Virus,1,6,30,120,12+,3.3077,,,,
Viticulture Essential Edition,1,6,45,90,12+,2.9289,,,,
Warfighter: The Tactical Special Forces Card Game,1,6,30,180,12+,2.6897,,,,
Warhammer Quest: The Adventure Card Game,1,4,30,60,10+,2.729,,,,
Warhammer: Diskwars,2,4,45,90,12+,2.7661,,,,
Warhammer: Diskwars – Hammer and Hold,2,4,0,0,12+,2.4167,,,,
Warhammer: Diskwars – Legions of Darkness,2,4,0,0,12+,2.4167,,,,
Welcome to...,1,100,25,25,10+,1.85,,,,
Wing Leader: Supremacy 1943-1945,2,2,60,180,12+,3.2,,,,
Wingspan,1,5,40,70,10+,2.37,,,,
Witches of the Revolution,1,4,30,60,10+,2.25,,,,
Wordsy,1,6,20,20,8+,1.3333,,,,
XCOM: The Board Game,1,4,60,120,12+,2.9011,,,,
XenoShyft: Onslaught,1,4,30,60,12+,2.7158,,,,
Zogar's Gaze,1,5,40,40,8+,1.3636,,,,
Zogar's Revenge,1,1,20,30,,0,,,,
Zombag,2,6,30,60,,0,,,,
Zombicide,1,6,60,60,10+,2.5604,,,,
Zombicide: Black Plague,1,6,60,180,10+,2.5532,,,,
Zombicide: Black Plague – Wulfsburg,1,6,60,60,10+,2.5789,,,,
Zombicide: Friends and Foes,1,6,60,60,14+,2.5,,,,
Zombicide: Green Horde,1,6,60,0,10+,2.5926,,,,
Zombicide: Green Horde – Horde Box,1,6,60,60,,0,,,,
Zombicide: Green Horde Special Guest Box – Sean A. Murray,1,6,0,0,,2,,,,
Zombicide: No Rest for the Wicked,1,6,60,60,14+,2.5,,,,
Zombie Dice,2,99,10,20,6+,1.1034,,,,
Zombie Fluxx,2,6,10,40,8+,1.4363,,,,
Zombie House Blitz,2,4,20,20,6+,2,,,,
Zombie Survival 2: There Goes the Neighborhood!,1,4,90,0,8+,3,,,,
Zombie Survival: The Board Game,1,4,90,90,12+,2,,,,
Zombies!!!,2,6,60,90,12+,1.6199,,,,
Zpocalypse,1,4,100,100,12+,3.3784,,,,
Zulus on the Ramparts!,1,1,25,25,12+,2.1282,,,,
Scythe,1,5,90,115,14+,3.37,,,,
Unbroken,1,1,15,30,13+,1.68,,,,
Run Fight or Die: Reloaded,1,4,20,40,14+,,,,,
Run Fight or Die: Reloaded - 5-6 Player Expansion,5,6,20,40,14+,,,,,